timestamp,controlpriority sentbytes,maxpriority_1_sentbytes,maxpriority_2_sentbytes,lowpriority_sentbytes
23:13:22.180,3247,,,
23:13:31.362,3247,,,
23:13:38.869,3562,,,
23:13:39.838,3012,,,
23:13:42.185,3247,,,
23:13:43.011,806,,,
23:13:47.806,1317,,,
23:13:47.823,1065,,,
23:13:47.827,1221,,,
23:13:47.834,2095,,,
23:13:47.834,2095,,,
23:13:47.838,2095,,,
23:13:47.862,2095,,,
23:13:51.345,3247,,,
23:13:53.429,1317,,,
23:13:53.460,1065,,,
23:13:53.499,1221,,,
23:13:53.507,2110,,,
23:13:53.508,2110,,,
23:13:53.508,2110,,,
23:13:53.508,2110,,,
23:13:58.903,3562,,,
23:13:59.841,3012,,,
23:14:00.309,,259,,
23:14:01.306,,259,,
23:14:02.187,3247,,,
23:14:02.306,,259,,
23:14:03.306,,259,,
23:14:04.306,,259,,
23:14:05.306,,259,,
23:14:06.305,,259,,
23:14:07.305,,259,,
23:14:08.305,,259,,
23:14:09.305,,259,,
23:14:10.306,,259,,
23:14:11.305,,259,,
23:14:11.352,3247,,,
23:14:12.306,,259,,
23:14:13.305,,259,,
23:14:14.306,,259,,
23:14:15.306,,259,,
23:14:16.304,,259,,
23:14:17.305,,259,,
23:14:18.305,,259,,
23:14:18.944,3562,,,
23:14:19.305,,259,,
23:14:19.844,3012,,,
23:14:20.305,,259,,
23:14:21.309,,259,,
23:14:22.186,3247,,,
23:14:22.306,,259,,
23:14:23.305,,259,,
23:14:24.306,,259,,
23:14:25.305,,259,,
23:14:26.305,,259,,
23:14:27.305,,259,,
23:14:28.306,,259,,
23:14:29.306,,259,,
23:14:30.305,,259,,
23:14:31.305,,259,,
23:14:31.357,3247,,,
23:14:32.306,,259,,
23:14:33.306,,259,,
23:14:34.306,,259,,
23:14:35.306,,259,,
23:14:36.304,,259,,
23:14:37.305,,259,,
23:14:38.305,,259,,
23:14:38.962,3562,,,
23:14:39.305,,259,,
23:14:39.846,3012,,,
23:14:40.306,,259,,
23:14:41.307,,259,,
23:14:42.187,3247,,,
23:14:42.306,,259,,
23:14:43.306,,259,,
23:14:44.305,,259,,
23:14:45.307,,259,,
23:14:46.308,,259,,
23:14:47.305,,259,,
23:14:48.305,,259,,
23:14:48.306,822,,,
23:14:48.351,1065,,,
23:14:49.307,,259,,
23:14:49.308,822,,,
23:14:49.318,1065,,,
23:14:50.306,,259,,
23:14:50.306,822,,,
23:14:50.309,1065,,,
23:14:51.307,,259,,
23:14:51.308,822,,,
23:14:51.315,1065,,,
23:14:51.363,3247,,,
23:14:52.305,,259,,
23:14:52.306,822,,,
23:14:52.323,1065,,,
23:14:53.305,,259,,
23:14:53.307,822,,,
23:14:53.314,1065,,,
23:14:53.521,822,,,
23:14:53.527,1065,,,
23:14:53.620,822,,,
23:14:53.627,1065,,,
23:14:53.722,822,,,
23:14:53.730,1065,,,
23:14:53.816,822,,,
23:14:53.821,1065,,,
23:14:53.917,822,,,
23:14:53.920,1065,,,
23:14:54.024,822,,,
23:14:54.030,1065,,,
23:14:54.117,822,,,
23:14:54.120,1065,,,
23:14:54.216,822,,,
23:14:54.218,1065,,,
23:14:54.305,,259,,
23:14:54.306,822,,,
23:14:54.313,1065,,,
23:14:54.329,822,,,
23:14:54.339,1065,,,
23:14:54.418,822,,,
23:14:54.422,1065,,,
23:14:54.520,822,,,
23:14:54.522,1065,,,
23:14:54.618,822,,,
23:14:54.638,1065,,,
23:14:54.717,822,,,
23:14:54.728,1065,,,
23:14:54.819,822,,,
23:14:54.824,1065,,,
23:14:54.915,822,,,
23:14:54.926,1065,,,
23:14:55.017,822,,,
23:14:55.022,1065,,,
23:14:55.115,822,,,
23:14:55.121,1065,,,
23:14:55.215,822,,,
23:14:55.222,1065,,,
23:14:55.306,,259,,
23:14:55.307,822,,,
23:14:55.314,1065,,,
23:14:55.323,822,,,
23:14:55.333,1065,,,
23:14:55.416,822,,,
23:14:55.420,1065,,,
23:14:55.516,822,,,
23:14:55.521,1065,,,
23:14:55.621,822,,,
23:14:55.629,1065,,,
23:14:55.717,822,,,
23:14:55.720,1065,,,
23:14:55.816,822,,,
23:14:55.825,1065,,,
23:14:55.918,822,,,
23:14:55.923,1065,,,
23:14:56.016,822,,,
23:14:56.020,1065,,,
23:14:56.119,822,,,
23:14:56.122,1065,,,
23:14:56.214,822,,,
23:14:56.219,1065,,,
23:14:56.305,,259,,
23:14:56.306,822,,,
23:14:56.314,1065,,,
23:14:56.338,822,,,
23:14:56.344,1065,,,
23:14:56.421,822,,,
23:14:56.426,1065,,,
23:14:57.305,,259,,
23:14:57.306,822,,,
23:14:57.310,1065,,,
23:14:58.305,,259,,
23:14:58.306,822,,,
23:14:58.309,1065,,,
23:14:58.992,3562,,,
23:14:59.306,,259,,
23:14:59.307,822,,,
23:14:59.311,1065,,,
23:14:59.598,822,,,
23:14:59.613,1065,,,
23:14:59.783,822,,,
23:14:59.788,1065,,,
23:14:59.848,3012,,,
23:14:59.984,822,,,
23:14:59.992,1065,,,
23:15:00.183,822,,,
23:15:00.189,1065,,,
23:15:00.305,,259,,
23:15:00.306,822,,,
23:15:00.314,1065,,,
23:15:00.383,822,,,
23:15:00.388,1065,,,
23:15:00.590,822,,,
23:15:00.593,1065,,,
23:15:00.785,822,,,
23:15:00.788,1065,,,
23:15:00.994,822,,,
23:15:00.995,1065,,,
23:15:01.186,822,,,
23:15:01.192,1065,,,
23:15:01.305,,259,,
23:15:01.306,822,,,
23:15:01.308,1065,,,
23:15:01.386,822,,,
23:15:01.388,1065,,,
23:15:01.585,822,,,
23:15:01.590,1065,,,
23:15:01.784,822,,,
23:15:01.786,1065,,,
23:15:01.981,822,,,
23:15:01.992,1065,,,
23:15:02.200,822,,,
23:15:02.203,1065,,,
23:15:02.209,3247,,,
23:15:02.306,,259,,
23:15:02.307,822,,,
23:15:02.310,1065,,,
23:15:02.382,822,,,
23:15:02.388,1065,,,
23:15:02.587,822,,,
23:15:02.590,1065,,,
23:15:02.786,822,,,
23:15:02.789,1065,,,
23:15:02.985,822,,,
23:15:02.989,1065,,,
23:15:03.188,822,,,
23:15:03.191,1065,,,
23:15:03.305,,259,,
23:15:03.306,822,,,
23:15:03.309,1065,,,
23:15:03.397,822,,,
23:15:03.399,1065,,,
23:15:03.582,822,,,
23:15:03.588,1065,,,
23:15:03.784,822,,,
23:15:03.792,1065,,,
23:15:03.985,822,,,
23:15:03.987,1065,,,
23:15:04.185,822,,,
23:15:04.188,1065,,,
23:15:04.306,,259,,
23:15:04.306,822,,,
23:15:04.308,1065,,,
23:15:04.386,822,,,
23:15:04.388,1065,,,
23:15:04.588,822,,,
23:15:04.590,1065,,,
23:15:04.786,822,,,
23:15:04.791,1065,,,
23:15:04.985,822,,,
23:15:04.989,1065,,,
23:15:05.188,822,,,
23:15:05.190,1065,,,
23:15:05.305,,259,,
23:15:05.306,822,,,
23:15:05.309,1065,,,
23:15:05.410,822,,,
23:15:05.413,1065,,,
23:15:05.584,822,,,
23:15:05.598,1065,,,
23:15:05.784,822,,,
23:15:05.788,1065,,,
23:15:05.984,822,,,
23:15:05.997,1065,,,
23:15:06.209,822,,,
23:15:06.212,1065,,,
23:15:06.305,,259,,
23:15:06.307,822,,,
23:15:06.311,1065,,,
23:15:06.384,822,,,
23:15:06.386,1065,,,
23:15:06.585,822,,,
23:15:06.588,1065,,,
23:15:06.786,822,,,
23:15:06.788,1065,,,
23:15:06.988,822,,,
23:15:07.026,1065,,,
23:15:07.190,822,,,
23:15:07.193,1065,,,
23:15:07.306,,259,,
23:15:07.306,822,,,
23:15:07.310,1065,,,
23:15:07.389,822,,,
23:15:07.394,1065,,,
23:15:07.582,822,,,
23:15:07.588,1065,,,
23:15:07.783,822,,,
23:15:07.785,1065,,,
23:15:07.992,822,,,
23:15:07.994,1065,,,
23:15:08.187,822,,,
23:15:08.191,1065,,,
23:15:08.305,,259,,
23:15:08.306,822,,,
23:15:08.310,1065,,,
23:15:08.397,822,,,
23:15:08.400,1065,,,
23:15:08.584,822,,,
23:15:08.587,1065,,,
23:15:08.785,822,,,
23:15:08.787,1065,,,
23:15:08.996,822,,,
23:15:09.001,1065,,,
23:15:09.183,822,,,
23:15:09.198,1065,,,
23:15:09.305,,259,,
23:15:09.306,822,,,
23:15:09.309,1065,,,
23:15:09.389,822,,,
23:15:09.392,1065,,,
23:15:09.587,822,,,
23:15:09.589,1065,,,
23:15:09.787,822,,,
23:15:09.792,1065,,,
23:15:09.985,822,,,
23:15:09.987,1065,,,
23:15:10.187,822,,,
23:15:10.192,1065,,,
23:15:10.304,,259,,
23:15:10.305,822,,,
23:15:10.309,1065,,,
23:15:10.393,822,,,
23:15:10.399,1065,,,
23:15:10.592,822,,,
23:15:10.594,1065,,,
23:15:10.786,822,,,
23:15:10.788,1065,,,
23:15:10.986,822,,,
23:15:10.988,1065,,,
23:15:11.185,822,,,
23:15:11.187,1065,,,
23:15:11.306,,259,,
23:15:11.306,822,,,
23:15:11.311,1065,,,
23:15:11.359,3247,,,
23:15:11.383,822,,,
23:15:11.388,1065,,,
23:15:11.581,822,,,
23:15:11.592,1065,,,
23:15:11.785,822,,,
23:15:11.787,1065,,,
23:15:11.988,822,,,
23:15:11.992,1065,,,
23:15:12.256,822,,,
23:15:12.259,1065,,,
23:15:12.305,,259,,
23:15:12.306,822,,,
23:15:12.307,1065,,,
23:15:12.387,822,,,
23:15:12.389,1065,,,
23:15:12.585,822,,,
23:15:12.587,1065,,,
23:15:12.787,822,,,
23:15:12.791,1065,,,
23:15:12.984,822,,,
23:15:12.986,1065,,,
23:15:13.185,822,,,
23:15:13.211,1065,,,
23:15:13.305,,259,,
23:15:13.305,822,,,
23:15:13.307,1065,,,
23:15:13.384,822,,,
23:15:13.387,1065,,,
23:15:13.582,822,,,
23:15:13.586,1065,,,
23:15:13.783,822,,,
23:15:13.785,1065,,,
23:15:13.988,822,,,
23:15:13.990,1065,,,
23:15:14.187,822,,,
23:15:14.188,1065,,,
23:15:14.306,,259,,
23:15:14.306,822,,,
23:15:14.308,1065,,,
23:15:14.389,822,,,
23:15:14.394,1065,,,
23:15:14.583,822,,,
23:15:14.597,1065,,,
23:15:14.784,822,,,
23:15:14.788,1065,,,
23:15:14.983,822,,,
23:15:14.987,1065,,,
23:15:15.182,822,,,
23:15:15.184,1065,,,
23:15:15.306,,259,,
23:15:15.306,822,,,
23:15:15.308,1065,,,
23:15:15.382,822,,,
23:15:15.386,1065,,,
23:15:15.584,822,,,
23:15:15.593,1065,,,
23:15:15.787,822,,,
23:15:15.789,1065,,,
23:15:15.988,822,,,
23:15:15.990,1065,,,
23:15:16.181,822,,,
23:15:16.191,1065,,,
23:15:16.305,,259,,
23:15:16.307,822,,,
23:15:16.311,1065,,,
23:15:16.384,822,,,
23:15:16.389,1065,,,
23:15:16.583,822,,,
23:15:16.588,1065,,,
23:15:16.784,822,,,
23:15:16.786,1065,,,
23:15:16.988,822,,,
23:15:16.991,1065,,,
23:15:17.182,822,,,
23:15:17.184,1065,,,
23:15:17.305,,259,,
23:15:17.307,822,,,
23:15:17.309,1065,,,
23:15:17.382,822,,,
23:15:17.386,1065,,,
23:15:17.590,822,,,
23:15:17.592,1065,,,
23:15:17.784,822,,,
23:15:17.791,1065,,,
23:15:18.005,822,,,
23:15:18.008,1065,,,
23:15:18.182,822,,,
23:15:18.185,1065,,,
23:15:18.305,,259,,
23:15:18.306,822,,,
23:15:18.309,1065,,,
23:15:18.389,822,,,
23:15:18.394,1065,,,
23:15:18.585,822,,,
23:15:18.587,1065,,,
23:15:18.783,822,,,
23:15:18.788,1065,,,
23:15:18.993,822,,,
23:15:18.999,1065,,,
23:15:19.009,3562,,,
23:15:19.183,822,,,
23:15:19.188,1065,,,
23:15:19.305,,259,,
23:15:19.305,822,,,
23:15:19.307,1065,,,
23:15:19.390,822,,,
23:15:19.392,1065,,,
23:15:19.586,822,,,
23:15:19.588,1065,,,
23:15:19.789,822,,,
23:15:19.793,1065,,,
23:15:19.850,3012,,,
23:15:19.993,822,,,
23:15:19.998,1065,,,
23:15:20.180,822,,,
23:15:20.183,1065,,,
23:15:20.306,,259,,
23:15:20.306,822,,,
23:15:20.310,1065,,,
23:15:20.388,822,,,
23:15:20.390,1065,,,
23:15:20.584,822,,,
23:15:20.588,1065,,,
23:15:20.780,822,,,
23:15:20.782,1065,,,
23:15:20.986,822,,,
23:15:20.987,1065,,,
23:15:21.185,822,,,
23:15:21.187,1065,,,
23:15:21.305,,259,,
23:15:21.306,822,,,
23:15:21.308,1065,,,
23:15:21.386,822,,,
23:15:21.388,1065,,,
23:15:21.581,822,,,
23:15:21.587,1065,,,
23:15:21.783,822,,,
23:15:21.788,1065,,,
23:15:21.987,822,,,
23:15:21.989,1065,,,
23:15:22.208,822,,,
23:15:22.212,1065,,,
23:15:22.233,3247,,,
23:15:22.305,,259,,
23:15:22.306,822,,,
23:15:22.308,1065,,,
23:15:22.394,822,,,
23:15:22.400,1065,,,
23:15:22.584,822,,,
23:15:22.592,1065,,,
23:15:22.790,822,,,
23:15:22.795,1065,,,
23:15:22.986,822,,,
23:15:22.990,1065,,,
23:15:23.187,822,,,
23:15:23.189,1065,,,
23:15:23.304,,259,,
23:15:23.305,822,,,
23:15:23.308,1065,,,
23:15:23.390,822,,,
23:15:23.392,1065,,,
23:15:23.588,822,,,
23:15:23.592,1065,,,
23:15:23.787,822,,,
23:15:23.790,1065,,,
23:15:23.989,822,,,
23:15:23.991,1065,,,
23:15:24.189,822,,,
23:15:24.197,1065,,,
23:15:24.307,,259,,
23:15:24.308,822,,,
23:15:24.310,1065,,,
23:15:24.387,822,,,
23:15:24.389,1065,,,
23:15:24.587,822,,,
23:15:24.589,1065,,,
23:15:24.787,822,,,
23:15:24.789,1065,,,
23:15:24.990,822,,,
23:15:24.997,1065,,,
23:15:25.186,822,,,
23:15:25.197,1065,,,
23:15:25.306,,259,,
23:15:25.306,822,,,
23:15:25.308,1065,,,
23:15:25.388,822,,,
23:15:25.390,1065,,,
23:15:25.594,822,,,
23:15:25.607,1065,,,
23:15:25.787,822,,,
23:15:25.797,1065,,,
23:15:25.998,822,,,
23:15:26.000,1065,,,
23:15:26.207,822,,,
23:15:26.209,1065,,,
23:15:26.305,,259,,
23:15:26.309,822,,,
23:15:26.319,1065,,,
23:15:26.415,822,,,
23:15:26.423,1065,,,
23:15:26.590,822,,,
23:15:26.595,1065,,,
23:15:26.789,822,,,
23:15:26.791,1065,,,
23:15:26.985,822,,,
23:15:26.987,1065,,,
23:15:27.186,822,,,
23:15:27.194,1065,,,
23:15:27.305,,259,,
23:15:27.306,822,,,
23:15:27.315,1065,,,
23:15:27.391,822,,,
23:15:27.399,1065,,,
23:15:27.586,822,,,
23:15:27.589,1065,,,
23:15:27.788,822,,,
23:15:27.790,1065,,,
23:15:27.980,822,,,
23:15:27.984,1065,,,
23:15:28.180,822,,,
23:15:28.187,1065,,,
23:15:28.306,,259,,
23:15:28.306,822,,,
23:15:28.308,1065,,,
23:15:28.386,822,,,
23:15:28.391,1065,,,
23:15:28.583,822,,,
23:15:28.590,1065,,,
23:15:28.787,822,,,
23:15:28.790,1065,,,
23:15:28.983,822,,,
23:15:28.988,1065,,,
23:15:29.188,822,,,
23:15:29.191,1065,,,
23:15:29.387,822,,,
23:15:29.389,1065,,,
23:15:29.585,822,,,
23:15:29.586,1065,,,
23:15:29.785,822,,,
23:15:29.787,1065,,,
23:15:29.981,822,,,
23:15:29.983,1065,,,
23:15:30.180,822,,,
23:15:30.182,1065,,,
23:15:30.392,822,,,
23:15:30.394,1065,,,
23:15:30.580,822,,,
23:15:30.584,1065,,,
23:15:30.783,822,,,
23:15:30.785,1065,,,
23:15:30.985,822,,,
23:15:30.987,1065,,,
23:15:31.183,822,,,
23:15:31.186,1065,,,
23:15:31.363,3247,,,
23:15:31.388,822,,,
23:15:31.394,1065,,,
23:15:31.582,822,,,
23:15:31.585,1065,,,
23:15:31.825,822,,,
23:15:31.826,1065,,,
23:15:31.985,822,,,
23:15:31.988,1065,,,
23:15:32.184,822,,,
23:15:32.185,1065,,,
23:15:32.388,822,,,
23:15:32.390,1065,,,
23:15:32.584,822,,,
23:15:32.587,1065,,,
23:15:32.787,822,,,
23:15:32.790,1065,,,
23:15:32.986,822,,,
23:15:32.989,1065,,,
23:15:33.186,822,,,
23:15:33.187,1065,,,
23:15:33.380,822,,,
23:15:33.382,1065,,,
23:15:33.589,822,,,
23:15:33.590,1065,,,
23:15:33.784,822,,,
23:15:33.790,1065,,,
23:15:33.987,822,,,
23:15:33.988,1065,,,
23:15:34.184,822,,,
23:15:34.189,1065,,,
23:15:34.385,822,,,
23:15:34.386,1065,,,
23:15:34.585,822,,,
23:15:34.587,1065,,,
23:15:34.786,822,,,
23:15:34.788,1065,,,
23:15:34.983,822,,,
23:15:34.986,1065,,,
23:15:35.181,822,,,
23:15:35.182,1065,,,
23:15:35.395,822,,,
23:15:35.397,1065,,,
23:15:35.586,822,,,
23:15:35.588,1065,,,
23:15:35.788,822,,,
23:15:35.789,1065,,,
23:15:35.983,822,,,
23:15:35.987,1065,,,
23:15:36.182,822,,,
23:15:36.187,1065,,,
23:15:36.382,822,,,
23:15:36.386,1065,,,
23:15:36.587,822,,,
23:15:36.588,1065,,,
23:15:36.780,822,,,
23:15:36.783,1065,,,
23:15:36.980,822,,,
23:15:36.985,1065,,,
23:15:37.216,822,,,
23:15:37.217,1065,,,
23:15:37.387,822,,,
23:15:37.389,1065,,,
23:15:37.581,822,,,
23:15:37.587,1065,,,
23:15:37.809,822,,,
23:15:37.817,1065,,,
23:15:37.985,822,,,
23:15:37.987,1065,,,
23:15:38.182,822,,,
23:15:38.185,1065,,,
23:15:38.386,822,,,
23:15:38.389,1065,,,
23:15:38.583,822,,,
23:15:38.587,1065,,,
23:15:38.788,822,,,
23:15:38.791,1065,,,
23:15:38.989,822,,,
23:15:38.992,1065,,,
23:15:39.011,3562,,,
23:15:39.194,822,,,
23:15:39.207,1065,,,
23:15:39.390,822,,,
23:15:39.398,1065,,,
23:15:39.596,822,,,
23:15:39.598,1065,,,
23:15:39.786,822,,,
23:15:39.788,1065,,,
23:15:39.853,3012,,,
23:15:39.982,822,,,
23:15:39.989,1065,,,
23:15:40.187,822,,,
23:15:40.189,1065,,,
23:15:40.391,822,,,
23:15:40.393,1065,,,
23:15:40.583,822,,,
23:15:40.588,1065,,,
23:15:40.630,,259,,
23:15:40.631,822,,,
23:15:40.635,1065,,,
23:15:40.786,822,,,
23:15:40.789,1065,,,
23:15:40.831,,259,,
23:15:40.833,822,,,
23:15:40.835,1065,,,
23:15:40.988,822,,,
23:15:40.989,1065,,,
23:15:41.034,,259,,
23:15:41.035,822,,,
23:15:41.037,1065,,,
23:15:41.183,822,,,
23:15:41.187,1065,,,
23:15:41.231,,259,,
23:15:41.232,822,,,
23:15:41.235,1065,,,
23:15:41.386,822,,,
23:15:41.392,1065,,,
23:15:41.430,,259,,
23:15:41.431,822,,,
23:15:41.452,1065,,,
23:15:41.588,822,,,
23:15:41.591,1065,,,
23:15:41.631,,259,,
23:15:41.632,822,,,
23:15:41.641,1065,,,
23:15:41.794,822,,,
23:15:41.799,1065,,,
23:15:41.833,,259,,
23:15:41.843,822,,,
23:15:41.848,1065,,,
23:15:41.990,822,,,
23:15:41.995,1065,,,
23:15:42.037,,259,,
23:15:42.039,822,,,
23:15:42.048,1065,,,
23:15:42.199,822,,,
23:15:42.204,1065,,,
23:15:42.231,,259,,
23:15:42.235,822,,,
23:15:42.242,1065,,,
23:15:42.248,3247,,,
23:15:42.405,822,,,
23:15:42.409,1065,,,
23:15:42.432,,259,,
23:15:42.437,822,,,
23:15:42.442,1065,,,
23:15:42.585,822,,,
23:15:42.590,1065,,,
23:15:42.631,,259,,
23:15:42.632,822,,,
23:15:42.635,1065,,,
23:15:42.781,822,,,
23:15:42.789,1065,,,
23:15:42.832,,259,,
23:15:42.835,822,,,
23:15:42.841,1065,,,
23:15:42.984,822,,,
23:15:42.988,1065,,,
23:15:43.031,,259,,
23:15:43.032,822,,,
23:15:43.034,1065,,,
23:15:43.188,822,,,
23:15:43.191,1065,,,
23:15:43.231,,259,,
23:15:43.231,822,,,
23:15:43.235,1065,,,
23:15:43.393,822,,,
23:15:43.396,1065,,,
23:15:43.432,,259,,
23:15:43.432,822,,,
23:15:43.436,1065,,,
23:15:43.584,822,,,
23:15:43.588,1065,,,
23:15:43.632,,259,,
23:15:43.632,822,,,
23:15:43.636,1065,,,
23:15:43.782,822,,,
23:15:43.786,1065,,,
23:15:43.832,,259,,
23:15:43.833,822,,,
23:15:43.836,1065,,,
23:15:44.003,822,,,
23:15:44.008,1065,,,
23:15:44.031,,259,,
23:15:44.032,822,,,
23:15:44.036,1065,,,
23:15:44.184,822,,,
23:15:44.188,1065,,,
23:15:44.231,,259,,
23:15:44.232,822,,,
23:15:44.236,1065,,,
23:15:44.392,822,,,
23:15:44.397,1065,,,
23:15:44.432,,259,,
23:15:44.433,822,,,
23:15:44.438,1065,,,
23:15:44.592,822,,,
23:15:44.595,1065,,,
23:15:44.632,,259,,
23:15:44.633,822,,,
23:15:44.638,1065,,,
23:15:44.782,822,,,
23:15:44.784,1065,,,
23:15:44.832,,259,,
23:15:44.833,822,,,
23:15:44.838,1065,,,
23:15:44.984,822,,,
23:15:44.996,1065,,,
23:15:45.032,,259,,
23:15:45.034,822,,,
23:15:45.036,1065,,,
23:15:45.186,822,,,
23:15:45.192,1065,,,
23:15:45.232,,259,,
23:15:45.234,822,,,
23:15:45.257,1065,,,
23:15:45.388,822,,,
23:15:45.393,1065,,,
23:15:45.433,,259,,
23:15:45.434,822,,,
23:15:45.452,1065,,,
23:15:45.585,822,,,
23:15:45.587,1065,,,
23:15:45.631,,259,,
23:15:45.631,822,,,
23:15:45.633,1065,,,
23:15:45.782,822,,,
23:15:45.787,1065,,,
23:15:45.831,,259,,
23:15:45.831,822,,,
23:15:45.832,1065,,,
23:15:45.980,822,,,
23:15:45.984,1065,,,
23:15:46.031,,259,,
23:15:46.031,822,,,
23:15:46.034,1065,,,
23:15:46.203,822,,,
23:15:46.205,1065,,,
23:15:46.232,,259,,
23:15:46.233,822,,,
23:15:46.235,1065,,,
23:15:46.385,822,,,
23:15:46.387,1065,,,
23:15:46.432,,259,,
23:15:46.433,822,,,
23:15:46.435,1065,,,
23:15:46.585,822,,,
23:15:46.586,1065,,,
23:15:46.631,,259,,
23:15:46.631,822,,,
23:15:46.633,1065,,,
23:15:46.782,822,,,
23:15:46.785,1065,,,
23:15:46.831,,259,,
23:15:46.832,822,,,
23:15:46.833,1065,,,
23:15:46.986,822,,,
23:15:46.989,1065,,,
23:15:47.031,,259,,
23:15:47.032,822,,,
23:15:47.035,1065,,,
23:15:47.186,822,,,
23:15:47.187,1065,,,
23:15:47.231,,259,,
23:15:47.232,822,,,
23:15:47.234,1065,,,
23:15:47.399,822,,,
23:15:47.400,1065,,,
23:15:47.431,,259,,
23:15:47.432,822,,,
23:15:47.438,1065,,,
23:15:47.588,822,,,
23:15:47.589,1065,,,
23:15:47.631,,259,,
23:15:47.632,822,,,
23:15:47.634,1065,,,
23:15:47.782,822,,,
23:15:47.786,1065,,,
23:15:47.831,,259,,
23:15:47.831,822,,,
23:15:47.833,1065,,,
23:15:47.984,822,,,
23:15:47.988,1065,,,
23:15:48.032,,259,,
23:15:48.033,822,,,
23:15:48.036,1065,,,
23:15:48.183,822,,,
23:15:48.187,1065,,,
23:15:48.232,,259,,
23:15:48.232,822,,,
23:15:48.234,1065,,,
23:15:48.386,822,,,
23:15:48.390,1065,,,
23:15:48.431,,259,,
23:15:48.432,822,,,
23:15:48.433,1065,,,
23:15:48.586,822,,,
23:15:48.588,1065,,,
23:15:48.632,,259,,
23:15:48.633,822,,,
23:15:48.635,1065,,,
23:15:48.784,822,,,
23:15:48.786,1065,,,
23:15:48.831,,259,,
23:15:48.832,822,,,
23:15:48.833,1065,,,
23:15:48.981,822,,,
23:15:48.983,1065,,,
23:15:49.032,,259,,
23:15:49.033,822,,,
23:15:49.037,1065,,,
23:15:49.184,822,,,
23:15:49.185,1065,,,
23:15:49.231,,259,,
23:15:49.231,822,,,
23:15:49.233,1065,,,
23:15:49.387,822,,,
23:15:49.389,1065,,,
23:15:49.431,,259,,
23:15:49.431,822,,,
23:15:49.434,1065,,,
23:15:49.584,822,,,
23:15:49.586,1065,,,
23:15:49.631,,259,,
23:15:49.632,822,,,
23:15:49.633,1065,,,
23:15:49.786,822,,,
23:15:49.788,1065,,,
23:15:49.831,,259,,
23:15:49.831,822,,,
23:15:49.833,1065,,,
23:15:49.984,822,,,
23:15:49.987,1065,,,
23:15:50.032,,259,,
23:15:50.033,822,,,
23:15:50.034,1065,,,
23:15:50.183,822,,,
23:15:50.187,1065,,,
23:15:50.231,,259,,
23:15:50.231,822,,,
23:15:50.233,1065,,,
23:15:50.388,822,,,
23:15:50.390,1065,,,
23:15:50.431,,259,,
23:15:50.432,822,,,
23:15:50.435,1065,,,
23:15:50.582,822,,,
23:15:50.587,1065,,,
23:15:50.631,,259,,
23:15:50.632,822,,,
23:15:50.635,1065,,,
23:15:50.787,822,,,
23:15:50.789,1065,,,
23:15:50.831,,259,,
23:15:50.832,822,,,
23:15:50.834,1065,,,
23:15:50.985,822,,,
23:15:50.987,1065,,,
23:15:51.031,,259,,
23:15:51.032,822,,,
23:15:51.036,1065,,,
23:15:51.202,822,,,
23:15:51.203,1065,,,
23:15:51.232,,259,,
23:15:51.232,822,,,
23:15:51.234,1065,,,
23:15:51.363,3247,,,
23:15:51.384,822,,,
23:15:51.392,1065,,,
23:15:51.432,,259,,
23:15:51.432,822,,,
23:15:51.434,1065,,,
23:15:51.583,822,,,
23:15:51.586,1065,,,
23:15:51.631,,259,,
23:15:51.632,822,,,
23:15:51.634,1065,,,
23:15:51.782,822,,,
23:15:51.801,1065,,,
23:15:51.833,,259,,
23:15:51.834,822,,,
23:15:51.835,1065,,,
23:15:51.983,822,,,
23:15:51.986,1065,,,
23:15:52.031,,259,,
23:15:52.032,822,,,
23:15:52.035,1065,,,
23:15:52.186,822,,,
23:15:52.187,1065,,,
23:15:52.232,,259,,
23:15:52.233,822,,,
23:15:52.235,1065,,,
23:15:52.387,822,,,
23:15:52.390,1065,,,
23:15:52.433,,259,,
23:15:52.433,822,,,
23:15:52.435,1065,,,
23:15:52.585,822,,,
23:15:52.587,1065,,,
23:15:52.631,,259,,
23:15:52.631,822,,,
23:15:52.632,1065,,,
23:15:52.783,822,,,
23:15:52.785,1065,,,
23:15:52.831,,259,,
23:15:52.831,822,,,
23:15:52.833,1065,,,
23:15:52.983,822,,,
23:15:52.986,1065,,,
23:15:53.030,,259,,
23:15:53.031,822,,,
23:15:53.033,1065,,,
23:15:53.183,822,,,
23:15:53.187,1065,,,
23:15:53.231,,259,,
23:15:53.231,822,,,
23:15:53.233,1065,,,
23:15:53.386,822,,,
23:15:53.387,1065,,,
23:15:53.432,,259,,
23:15:53.432,822,,,
23:15:53.434,1065,,,
23:15:53.610,822,,,
23:15:53.612,1065,,,
23:15:53.634,,259,,
23:15:53.641,822,,,
23:15:53.645,1065,,,
23:15:53.785,822,,,
23:15:53.787,1065,,,
23:15:53.831,,259,,
23:15:53.832,822,,,
23:15:53.834,1065,,,
23:15:54.002,822,,,
23:15:54.003,1065,,,
23:15:54.032,,259,,
23:15:54.033,822,,,
23:15:54.036,1065,,,
23:15:54.188,822,,,
23:15:54.189,1065,,,
23:15:54.233,,259,,
23:15:54.234,822,,,
23:15:54.237,1065,,,
23:15:54.385,822,,,
23:15:54.387,1065,,,
23:15:54.431,,259,,
23:15:54.432,822,,,
23:15:54.434,1065,,,
23:15:54.587,822,,,
23:15:54.589,1065,,,
23:15:54.631,,259,,
23:15:54.632,822,,,
23:15:54.635,1065,,,
23:15:54.785,822,,,
23:15:54.787,1065,,,
23:15:54.832,,259,,
23:15:54.833,822,,,
23:15:54.837,1065,,,
23:15:54.987,822,,,
23:15:54.991,1065,,,
23:15:55.032,,259,,
23:15:55.035,822,,,
23:15:55.050,1065,,,
23:15:55.201,822,,,
23:15:55.205,1065,,,
23:15:55.232,,259,,
23:15:55.233,822,,,
23:15:55.239,1065,,,
23:15:55.396,822,,,
23:15:55.401,1065,,,
23:15:55.431,,259,,
23:15:55.431,822,,,
23:15:55.434,1065,,,
23:15:55.583,822,,,
23:15:55.585,1065,,,
23:15:55.632,,259,,
23:15:55.632,822,,,
23:15:55.634,1065,,,
23:15:55.785,822,,,
23:15:55.787,1065,,,
23:15:55.831,,259,,
23:15:55.833,822,,,
23:15:55.859,1065,,,
23:15:55.989,822,,,
23:15:56.001,1065,,,
23:15:56.032,,259,,
23:15:56.035,822,,,
23:15:56.037,1065,,,
23:15:56.185,822,,,
23:15:56.190,1065,,,
23:15:56.232,,259,,
23:15:56.232,822,,,
23:15:56.237,1065,,,
23:15:56.388,822,,,
23:15:56.390,1065,,,
23:15:56.432,,259,,
23:15:56.433,822,,,
23:15:56.435,1065,,,
23:15:56.581,822,,,
23:15:56.584,1065,,,
23:15:56.630,,259,,
23:15:56.631,822,,,
23:15:56.634,1065,,,
23:15:56.783,822,,,
23:15:56.789,1065,,,
23:15:56.832,,259,,
23:15:56.832,822,,,
23:15:56.834,1065,,,
23:15:56.988,822,,,
23:15:56.990,1065,,,
23:15:57.032,,259,,
23:15:57.033,822,,,
23:15:57.035,1065,,,
23:15:57.187,822,,,
23:15:57.188,1065,,,
23:15:57.231,,259,,
23:15:57.231,822,,,
23:15:57.235,1065,,,
23:15:57.391,822,,,
23:15:57.395,1065,,,
23:15:57.433,,259,,
23:15:57.435,822,,,
23:15:57.444,1065,,,
23:15:57.599,822,,,
23:15:57.607,1065,,,
23:15:57.638,,259,,
23:15:57.641,822,,,
23:15:57.647,1065,,,
23:15:57.784,822,,,
23:15:57.786,1065,,,
23:15:57.831,,259,,
23:15:57.831,822,,,
23:15:57.834,1065,,,
23:15:57.985,822,,,
23:15:57.986,1065,,,
23:15:58.031,,259,,
23:15:58.031,822,,,
23:15:58.034,1065,,,
23:15:58.184,822,,,
23:15:58.188,1065,,,
23:15:58.235,,259,,
23:15:58.237,822,,,
23:15:58.239,1065,,,
23:15:58.401,822,,,
23:15:58.403,1065,,,
23:15:58.432,,259,,
23:15:58.432,822,,,
23:15:58.433,1065,,,
23:15:58.588,822,,,
23:15:58.590,1065,,,
23:15:58.631,,259,,
23:15:58.632,822,,,
23:15:58.634,1065,,,
23:15:58.789,822,,,
23:15:58.790,1065,,,
23:15:58.832,,259,,
23:15:58.833,822,,,
23:15:58.836,1065,,,
23:15:58.985,822,,,
23:15:58.988,1065,,,
23:15:59.017,3562,,,
23:15:59.031,,259,,
23:15:59.031,822,,,
23:15:59.033,1065,,,
23:15:59.185,822,,,
23:15:59.189,1065,,,
23:15:59.232,,259,,
23:15:59.233,822,,,
23:15:59.236,1065,,,
23:15:59.385,822,,,
23:15:59.387,1065,,,
23:15:59.430,,259,,
23:15:59.431,822,,,
23:15:59.433,1065,,,
23:15:59.584,822,,,
23:15:59.586,1065,,,
23:15:59.631,,259,,
23:15:59.632,822,,,
23:15:59.634,1065,,,
23:15:59.781,822,,,
23:15:59.788,1065,,,
23:15:59.831,,259,,
23:15:59.832,822,,,
23:15:59.835,1065,,,
23:15:59.855,3012,,,
23:15:59.982,822,,,
23:15:59.986,1065,,,
23:16:00.031,,259,,
23:16:00.033,822,,,
23:16:00.038,1065,,,
23:16:00.186,822,,,
23:16:00.190,1065,,,
23:16:00.232,,259,,
23:16:00.232,822,,,
23:16:00.235,1065,,,
23:16:00.382,822,,,
23:16:00.387,1065,,,
23:16:00.432,,259,,
23:16:00.432,822,,,
23:16:00.434,1065,,,
23:16:00.583,822,,,
23:16:00.587,1065,,,
23:16:00.631,,259,,
23:16:00.631,822,,,
23:16:00.634,1065,,,
23:16:00.780,822,,,
23:16:00.782,1065,,,
23:16:00.832,,259,,
23:16:00.833,822,,,
23:16:00.835,1065,,,
23:16:00.986,822,,,
23:16:00.988,1065,,,
23:16:01.032,,259,,
23:16:01.032,822,,,
23:16:01.034,1065,,,
23:16:01.187,822,,,
23:16:01.190,1065,,,
23:16:01.232,,259,,
23:16:01.232,822,,,
23:16:01.234,1065,,,
23:16:01.384,822,,,
23:16:01.386,1065,,,
23:16:01.431,,259,,
23:16:01.432,822,,,
23:16:01.434,1065,,,
23:16:01.586,822,,,
23:16:01.592,1065,,,
23:16:01.632,,259,,
23:16:01.634,822,,,
23:16:01.637,1065,,,
23:16:01.785,822,,,
23:16:01.788,1065,,,
23:16:01.831,,259,,
23:16:01.832,822,,,
23:16:01.834,1065,,,
23:16:01.980,822,,,
23:16:01.982,1065,,,
23:16:02.031,,259,,
23:16:02.032,822,,,
23:16:02.034,1065,,,
23:16:02.183,822,,,
23:16:02.186,1065,,,
23:16:02.234,,259,,
23:16:02.234,822,,,
23:16:02.237,1065,,,
23:16:02.244,3247,,,
23:16:02.384,822,,,
23:16:02.387,1065,,,
23:16:02.432,,259,,
23:16:02.433,822,,,
23:16:02.434,1065,,,
23:16:02.586,822,,,
23:16:02.587,1065,,,
23:16:02.630,,259,,
23:16:02.631,822,,,
23:16:02.633,1065,,,
23:16:02.786,822,,,
23:16:02.789,1065,,,
23:16:02.833,,259,,
23:16:02.834,822,,,
23:16:02.836,1065,,,
23:16:02.988,822,,,
23:16:02.991,1065,,,
23:16:03.031,,259,,
23:16:03.033,822,,,
23:16:03.036,1065,,,
23:16:03.181,822,,,
23:16:03.186,1065,,,
23:16:03.231,,259,,
23:16:03.231,822,,,
23:16:03.234,1065,,,
23:16:03.381,822,,,
23:16:03.384,1065,,,
23:16:03.431,,259,,
23:16:03.431,822,,,
23:16:03.435,1065,,,
23:16:03.580,822,,,
23:16:03.592,1065,,,
23:16:03.631,,259,,
23:16:03.631,822,,,
23:16:03.633,1065,,,
23:16:03.786,822,,,
23:16:03.788,1065,,,
23:16:03.832,,259,,
23:16:03.834,822,,,
23:16:03.839,1065,,,
23:16:03.980,822,,,
23:16:03.983,1065,,,
23:16:04.031,,259,,
23:16:04.031,822,,,
23:16:04.033,1065,,,
23:16:04.186,822,,,
23:16:04.190,1065,,,
23:16:04.231,,259,,
23:16:04.232,822,,,
23:16:04.234,1065,,,
23:16:04.384,822,,,
23:16:04.387,1065,,,
23:16:04.432,,259,,
23:16:04.432,822,,,
23:16:04.435,1065,,,
23:16:04.585,822,,,
23:16:04.587,1065,,,
23:16:04.631,,259,,
23:16:04.631,822,,,
23:16:04.633,1065,,,
23:16:04.783,822,,,
23:16:04.785,1065,,,
23:16:04.831,,259,,
23:16:04.831,822,,,
23:16:04.835,1065,,,
23:16:04.980,822,,,
23:16:04.985,1065,,,
23:16:05.032,,259,,
23:16:05.032,822,,,
23:16:05.040,1065,,,
23:16:05.185,822,,,
23:16:05.188,1065,,,
23:16:05.231,,259,,
23:16:05.232,822,,,
23:16:05.233,1065,,,
23:16:05.383,822,,,
23:16:05.386,1065,,,
23:16:05.431,,259,,
23:16:05.431,822,,,
23:16:05.432,1065,,,
23:16:05.582,822,,,
23:16:05.585,1065,,,
23:16:05.631,,259,,
23:16:05.631,822,,,
23:16:05.633,1065,,,
23:16:05.781,822,,,
23:16:05.786,1065,,,
23:16:05.832,,259,,
23:16:05.832,822,,,
23:16:05.834,1065,,,
23:16:05.983,822,,,
23:16:05.986,1065,,,
23:16:06.031,,259,,
23:16:06.032,822,,,
23:16:06.034,1065,,,
23:16:06.184,822,,,
23:16:06.187,1065,,,
23:16:06.231,,259,,
23:16:06.232,822,,,
23:16:06.234,1065,,,
23:16:06.385,822,,,
23:16:06.388,1065,,,
23:16:06.431,,259,,
23:16:06.432,822,,,
23:16:06.435,1065,,,
23:16:06.583,822,,,
23:16:06.586,1065,,,
23:16:06.631,,259,,
23:16:06.631,822,,,
23:16:06.635,1065,,,
23:16:06.786,822,,,
23:16:06.789,1065,,,
23:16:06.834,,259,,
23:16:06.835,822,,,
23:16:06.837,1065,,,
23:16:06.983,822,,,
23:16:06.985,1065,,,
23:16:07.033,,259,,
23:16:07.034,822,,,
23:16:07.036,1065,,,
23:16:07.186,822,,,
23:16:07.189,1065,,,
23:16:07.232,,259,,
23:16:07.233,822,,,
23:16:07.235,1065,,,
23:16:07.383,822,,,
23:16:07.385,1065,,,
23:16:07.431,,259,,
23:16:07.431,822,,,
23:16:07.433,1065,,,
23:16:07.583,822,,,
23:16:07.585,1065,,,
23:16:07.632,,259,,
23:16:07.632,822,,,
23:16:07.633,1065,,,
23:16:07.787,822,,,
23:16:07.789,1065,,,
23:16:07.832,,259,,
23:16:07.833,822,,,
23:16:07.837,1065,,,
23:16:07.985,822,,,
23:16:07.987,1065,,,
23:16:08.031,,259,,
23:16:08.031,822,,,
23:16:08.033,1065,,,
23:16:08.186,822,,,
23:16:08.188,1065,,,
23:16:08.231,,259,,
23:16:08.231,822,,,
23:16:08.233,1065,,,
23:16:08.400,822,,,
23:16:08.401,1065,,,
23:16:08.431,,259,,
23:16:08.431,822,,,
23:16:08.435,1065,,,
23:16:08.580,822,,,
23:16:08.581,1065,,,
23:16:08.630,,259,,
23:16:08.631,822,,,
23:16:08.633,1065,,,
23:16:08.786,822,,,
23:16:08.787,1065,,,
23:16:08.832,,259,,
23:16:08.832,822,,,
23:16:08.835,1065,,,
23:16:08.982,822,,,
23:16:08.987,1065,,,
23:16:09.034,,259,,
23:16:09.035,822,,,
23:16:09.038,1065,,,
23:16:09.187,822,,,
23:16:09.190,1065,,,
23:16:09.231,,259,,
23:16:09.231,822,,,
23:16:09.235,1065,,,
23:16:09.381,822,,,
23:16:09.385,1065,,,
23:16:09.431,,259,,
23:16:09.431,822,,,
23:16:09.434,1065,,,
23:16:09.586,822,,,
23:16:09.597,1065,,,
23:16:09.632,,259,,
23:16:09.634,822,,,
23:16:09.637,1065,,,
23:16:09.785,822,,,
23:16:09.787,1065,,,
23:16:09.832,,259,,
23:16:09.833,822,,,
23:16:09.835,1065,,,
23:16:09.986,822,,,
23:16:09.988,1065,,,
23:16:10.031,,259,,
23:16:10.032,822,,,
23:16:10.034,1065,,,
23:16:10.186,822,,,
23:16:10.194,1065,,,
23:16:10.232,,259,,
23:16:10.233,822,,,
23:16:10.235,1065,,,
23:16:10.387,822,,,
23:16:10.390,1065,,,
23:16:10.431,,259,,
23:16:10.433,822,,,
23:16:10.434,1065,,,
23:16:10.584,822,,,
23:16:10.587,1065,,,
23:16:10.632,,259,,
23:16:10.634,822,,,
23:16:10.637,1065,,,
23:16:10.787,822,,,
23:16:10.789,1065,,,
23:16:10.831,,259,,
23:16:10.831,822,,,
23:16:10.833,1065,,,
23:16:10.992,822,,,
23:16:10.994,1065,,,
23:16:11.032,,259,,
23:16:11.034,822,,,
23:16:11.038,1065,,,
23:16:11.184,822,,,
23:16:11.186,1065,,,
23:16:11.231,,259,,
23:16:11.231,822,,,
23:16:11.233,1065,,,
23:16:11.369,3247,,,
23:16:11.382,822,,,
23:16:11.384,1065,,,
23:16:11.430,,259,,
23:16:11.431,822,,,
23:16:11.433,1065,,,
23:16:11.584,822,,,
23:16:11.586,1065,,,
23:16:11.631,,259,,
23:16:11.631,822,,,
23:16:11.633,1065,,,
23:16:11.784,822,,,
23:16:11.786,1065,,,
23:16:11.831,,259,,
23:16:11.831,822,,,
23:16:11.833,1065,,,
23:16:11.984,822,,,
23:16:11.985,1065,,,
23:16:12.032,,259,,
23:16:12.032,822,,,
23:16:12.033,1065,,,
23:16:12.184,822,,,
23:16:12.185,1065,,,
23:16:12.231,,259,,
23:16:12.231,822,,,
23:16:12.233,1065,,,
23:16:12.383,822,,,
23:16:12.385,1065,,,
23:16:12.431,,259,,
23:16:12.431,822,,,
23:16:12.433,1065,,,
23:16:12.586,822,,,
23:16:12.587,1065,,,
23:16:12.631,,259,,
23:16:12.632,822,,,
23:16:12.634,1065,,,
23:16:12.785,822,,,
23:16:12.787,1065,,,
23:16:12.831,,259,,
23:16:12.831,822,,,
23:16:12.833,1065,,,
23:16:12.988,822,,,
23:16:12.989,1065,,,
23:16:13.032,,259,,
23:16:13.033,822,,,
23:16:13.036,1065,,,
23:16:13.184,822,,,
23:16:13.188,1065,,,
23:16:13.231,,259,,
23:16:13.232,822,,,
23:16:13.236,1065,,,
23:16:13.386,822,,,
23:16:13.388,1065,,,
23:16:13.431,,259,,
23:16:13.432,822,,,
23:16:13.435,1065,,,
23:16:13.584,822,,,
23:16:13.585,1065,,,
23:16:13.631,,259,,
23:16:13.632,822,,,
23:16:13.634,1065,,,
23:16:13.784,822,,,
23:16:13.794,1065,,,
23:16:13.832,,259,,
23:16:13.833,822,,,
23:16:13.839,1065,,,
23:16:13.984,822,,,
23:16:13.986,1065,,,
23:16:14.031,,259,,
23:16:14.032,822,,,
23:16:14.035,1065,,,
23:16:14.184,822,,,
23:16:14.187,1065,,,
23:16:14.231,,259,,
23:16:14.231,822,,,
23:16:14.233,1065,,,
23:16:14.387,822,,,
23:16:14.389,1065,,,
23:16:14.431,,259,,
23:16:14.432,822,,,
23:16:14.436,1065,,,
23:16:14.585,822,,,
23:16:14.586,1065,,,
23:16:14.631,,259,,
23:16:14.631,822,,,
23:16:14.634,1065,,,
23:16:14.787,822,,,
23:16:14.791,1065,,,
23:16:14.833,,259,,
23:16:14.834,822,,,
23:16:14.836,1065,,,
23:16:14.986,822,,,
23:16:14.992,1065,,,
23:16:15.203,822,,,
23:16:15.204,1065,,,
23:16:15.387,822,,,
23:16:15.388,1065,,,
23:16:15.584,822,,,
23:16:15.587,1065,,,
23:16:15.788,822,,,
23:16:15.790,1065,,,
23:16:16.012,822,,,
23:16:16.014,1065,,,
23:16:16.185,822,,,
23:16:16.186,1065,,,
23:16:16.389,822,,,
23:16:16.391,1065,,,
23:16:16.586,822,,,
23:16:16.590,1065,,,
23:16:16.789,822,,,
23:16:16.790,1065,,,
23:16:16.981,822,,,
23:16:16.983,1065,,,
23:16:17.197,822,,,
23:16:17.199,1065,,,
23:16:17.385,822,,,
23:16:17.387,1065,,,
23:16:17.584,822,,,
23:16:17.585,1065,,,
23:16:17.782,822,,,
23:16:17.794,1065,,,
23:16:17.980,822,,,
23:16:17.984,1065,,,
23:16:18.185,822,,,
23:16:18.186,1065,,,
23:16:18.389,822,,,
23:16:18.391,1065,,,
23:16:18.584,822,,,
23:16:18.586,1065,,,
23:16:18.780,822,,,
23:16:18.782,1065,,,
23:16:18.986,822,,,
23:16:18.989,1065,,,
23:16:19.023,3562,,,
23:16:19.193,822,,,
23:16:19.196,1065,,,
23:16:19.388,822,,,
23:16:19.391,1065,,,
23:16:19.656,822,,,
23:16:19.658,1065,,,
23:16:19.787,822,,,
23:16:19.788,1065,,,
23:16:19.857,3012,,,
23:16:19.985,822,,,
23:16:19.987,1065,,,
23:16:20.186,822,,,
23:16:20.188,1065,,,
23:16:20.383,822,,,
23:16:20.385,1065,,,
23:16:20.589,822,,,
23:16:20.591,1065,,,
23:16:20.806,822,,,
23:16:20.810,1065,,,
23:16:20.984,822,,,
23:16:20.985,1065,,,
23:16:21.187,822,,,
23:16:21.189,1065,,,
23:16:21.383,822,,,
23:16:21.385,1065,,,
23:16:21.589,822,,,
23:16:21.593,1065,,,
23:16:21.787,822,,,
23:16:21.790,1065,,,
23:16:21.992,822,,,
23:16:21.996,1065,,,
23:16:22.186,822,,,
23:16:22.188,1065,,,
23:16:22.237,3247,,,
23:16:22.249,,259,,
23:16:22.251,822,,,
23:16:22.264,1065,,,
23:16:22.410,822,,,
23:16:22.414,1065,,,
23:16:22.583,822,,,
23:16:22.586,1065,,,
23:16:22.744,,259,,
23:16:22.744,822,,,
23:16:22.745,1065,,,
23:16:22.781,822,,,
23:16:22.785,1065,,,
23:16:22.987,822,,,
23:16:22.989,1065,,,
23:16:23.185,822,,,
23:16:23.187,1065,,,
23:16:23.244,,259,,
23:16:23.244,822,,,
23:16:23.246,1065,,,
23:16:23.597,822,,,
23:16:23.635,1065,,,
23:16:23.636,822,,,
23:16:23.639,1065,,,
23:16:23.744,,259,,
23:16:23.745,822,,,
23:16:23.746,1065,,,
23:16:23.784,822,,,
23:16:23.785,1065,,,
23:16:23.993,822,,,
23:16:23.994,1065,,,
23:16:24.186,822,,,
23:16:24.187,1065,,,
23:16:24.244,,259,,
23:16:24.244,822,,,
23:16:24.246,1065,,,
23:16:24.383,822,,,
23:16:24.385,1065,,,
23:16:24.584,822,,,
23:16:24.586,1065,,,
23:16:24.744,,259,,
23:16:24.744,822,,,
23:16:24.746,1065,,,
23:16:24.780,822,,,
23:16:24.781,1065,,,
23:16:24.985,822,,,
23:16:24.986,1065,,,
23:16:25.184,822,,,
23:16:25.185,1065,,,
23:16:25.244,,259,,
23:16:25.244,822,,,
23:16:25.246,1065,,,
23:16:25.388,822,,,
23:16:25.390,1065,,,
23:16:25.584,822,,,
23:16:25.585,1065,,,
23:16:25.745,,259,,
23:16:25.745,822,,,
23:16:25.747,1065,,,
23:16:25.785,822,,,
23:16:25.789,1065,,,
23:16:25.981,822,,,
23:16:25.983,1065,,,
23:16:26.191,822,,,
23:16:26.210,1065,,,
23:16:26.244,,259,,
23:16:26.245,822,,,
23:16:26.247,1065,,,
23:16:26.387,822,,,
23:16:26.389,1065,,,
23:16:26.582,822,,,
23:16:26.585,1065,,,
23:16:26.744,,259,,
23:16:26.744,822,,,
23:16:26.746,1065,,,
23:16:26.784,822,,,
23:16:26.787,1065,,,
23:16:26.991,822,,,
23:16:26.994,1065,,,
23:16:27.180,822,,,
23:16:27.184,1065,,,
23:16:27.244,,259,,
23:16:27.245,822,,,
23:16:27.246,1065,,,
23:16:27.385,822,,,
23:16:27.387,1065,,,
23:16:27.584,822,,,
23:16:27.586,1065,,,
23:16:27.745,,259,,
23:16:27.746,822,,,
23:16:27.748,1065,,,
23:16:27.780,822,,,
23:16:27.784,1065,,,
23:16:27.986,822,,,
23:16:27.990,1065,,,
23:16:28.187,822,,,
23:16:28.190,1065,,,
23:16:28.244,,259,,
23:16:28.244,822,,,
23:16:28.246,1065,,,
23:16:28.384,822,,,
23:16:28.386,1065,,,
23:16:28.586,822,,,
23:16:28.587,1065,,,
23:16:28.744,,259,,
23:16:28.744,822,,,
23:16:28.747,1065,,,
23:16:28.782,822,,,
23:16:28.783,1065,,,
23:16:28.986,822,,,
23:16:28.989,1065,,,
23:16:29.188,822,,,
23:16:29.191,1065,,,
23:16:29.243,,259,,
23:16:29.244,822,,,
23:16:29.246,1065,,,
23:16:29.387,822,,,
23:16:29.388,1065,,,
23:16:29.588,822,,,
23:16:29.590,1065,,,
23:16:29.745,,259,,
23:16:29.745,822,,,
23:16:29.748,1065,,,
23:16:29.784,822,,,
23:16:29.786,1065,,,
23:16:29.987,822,,,
23:16:29.988,1065,,,
23:16:30.188,822,,,
23:16:30.190,1065,,,
23:16:30.243,,259,,
23:16:30.244,822,,,
23:16:30.246,1065,,,
23:16:30.384,822,,,
23:16:30.388,1065,,,
23:16:30.617,822,,,
23:16:30.619,1065,,,
23:16:30.744,,259,,
23:16:30.745,822,,,
23:16:30.751,1065,,,
23:16:30.781,822,,,
23:16:30.783,1065,,,
23:16:30.987,822,,,
23:16:30.989,1065,,,
23:16:31.186,822,,,
23:16:31.187,1065,,,
23:16:31.244,,259,,
23:16:31.244,822,,,
23:16:31.246,1065,,,
23:16:31.381,3247,,,
23:16:31.396,822,,,
23:16:31.398,1065,,,
23:16:31.585,822,,,
23:16:31.587,1065,,,
23:16:31.745,,259,,
23:16:31.745,822,,,
23:16:31.750,1065,,,
23:16:31.784,822,,,
23:16:31.788,1065,,,
23:16:31.983,822,,,
23:16:31.985,1065,,,
23:16:32.184,822,,,
23:16:32.196,1065,,,
23:16:32.244,,259,,
23:16:32.244,822,,,
23:16:32.248,1065,,,
23:16:32.385,822,,,
23:16:32.386,1065,,,
23:16:32.581,822,,,
23:16:32.585,1065,,,
23:16:32.744,,259,,
23:16:32.744,822,,,
23:16:32.746,1065,,,
23:16:32.780,822,,,
23:16:32.782,1065,,,
23:16:32.989,822,,,
23:16:32.993,1065,,,
23:16:33.185,822,,,
23:16:33.227,1065,,,
23:16:33.245,,259,,
23:16:33.249,822,,,
23:16:33.254,1065,,,
23:16:33.381,822,,,
23:16:33.386,1065,,,
23:16:33.585,822,,,
23:16:33.587,1065,,,
23:16:33.744,,259,,
23:16:33.744,822,,,
23:16:33.747,1065,,,
23:16:33.780,822,,,
23:16:33.787,1065,,,
23:16:33.986,822,,,
23:16:33.989,1065,,,
23:16:34.184,822,,,
23:16:34.187,1065,,,
23:16:34.245,,259,,
23:16:34.246,822,,,
23:16:34.247,1065,,,
23:16:34.381,822,,,
23:16:34.385,1065,,,
23:16:34.586,822,,,
23:16:34.590,1065,,,
23:16:34.744,,259,,
23:16:34.745,822,,,
23:16:34.748,1065,,,
23:16:34.784,822,,,
23:16:34.789,1065,,,
23:16:34.980,822,,,
23:16:34.982,1065,,,
23:16:35.183,822,,,
23:16:35.185,1065,,,
23:16:35.244,,259,,
23:16:35.245,822,,,
23:16:35.247,1065,,,
23:16:35.383,822,,,
23:16:35.385,1065,,,
23:16:35.586,822,,,
23:16:35.588,1065,,,
23:16:35.746,,259,,
23:16:35.747,822,,,
23:16:35.749,1065,,,
23:16:35.780,822,,,
23:16:35.783,1065,,,
23:16:35.991,822,,,
23:16:35.995,1065,,,
23:16:36.185,822,,,
23:16:36.186,1065,,,
23:16:36.244,,259,,
23:16:36.245,822,,,
23:16:36.246,1065,,,
23:16:36.387,822,,,
23:16:36.389,1065,,,
23:16:36.586,822,,,
23:16:36.587,1065,,,
23:16:36.744,,259,,
23:16:36.744,822,,,
23:16:36.746,1065,,,
23:16:36.786,822,,,
23:16:36.789,1065,,,
23:16:36.983,822,,,
23:16:36.985,1065,,,
23:16:37.184,822,,,
23:16:37.185,1065,,,
23:16:37.244,,259,,
23:16:37.244,822,,,
23:16:37.245,1065,,,
23:16:37.384,822,,,
23:16:37.386,1065,,,
23:16:37.592,822,,,
23:16:37.601,1065,,,
23:16:37.744,,259,,
23:16:37.745,822,,,
23:16:37.747,1065,,,
23:16:37.786,822,,,
23:16:37.789,1065,,,
23:16:37.990,822,,,
23:16:37.993,1065,,,
23:16:38.187,822,,,
23:16:38.189,1065,,,
23:16:38.244,,259,,
23:16:38.244,822,,,
23:16:38.246,1065,,,
23:16:38.387,822,,,
23:16:38.389,1065,,,
23:16:38.586,822,,,
23:16:38.588,1065,,,
23:16:38.745,,259,,
23:16:38.746,822,,,
23:16:38.748,1065,,,
23:16:38.791,822,,,
23:16:38.793,1065,,,
23:16:38.985,822,,,
23:16:38.987,1065,,,
23:16:39.018,3562,,,
23:16:39.185,822,,,
23:16:39.188,1065,,,
23:16:39.244,,259,,
23:16:39.245,822,,,
23:16:39.247,1065,,,
23:16:39.388,822,,,
23:16:39.395,1065,,,
23:16:39.585,822,,,
23:16:39.587,1065,,,
23:16:39.745,,259,,
23:16:39.746,822,,,
23:16:39.747,1065,,,
23:16:39.785,822,,,
23:16:39.787,1065,,,
23:16:39.859,3012,,,
23:16:39.984,822,,,
23:16:39.986,1065,,,
23:16:40.183,822,,,
23:16:40.185,1065,,,
23:16:40.244,,259,,
23:16:40.245,822,,,
23:16:40.247,1065,,,
23:16:40.383,822,,,
23:16:40.384,1065,,,
23:16:40.584,822,,,
23:16:40.586,1065,,,
23:16:40.765,,259,,
23:16:40.765,822,,,
23:16:40.771,1065,,,
